path,len
AJ_Cook/0,79
AJ_Cook/2,194
Aaron_Sorkin/0,70
Aaron_Sorkin/3,174
Aaron_Tippin/0,119
Aaron_Tippin/1,83
Abdel_Aziz_Al-Hakim/0,103
Abdel_Aziz_Al-Hakim/1,285
Abdel_Aziz_Al-Hakim/4,141
Abdul_Majeed_Shobokshi/1,624
Abdulaziz_Kamilov/4,195
Abdullatif_Sener/0,281
Abdullatif_Sener/1,60
Abel_Pacheco/1,104
Abel_Pacheco/3,52
Abel_Pacheco/4,179
Abid_Hamid_Mahmud_Al-Tikriti/0,92
Abraham_Foxman/5,63
Adam_Ant/0,58
Adam_Ant/2,58
Adam_Sandler/0,48
Adam_Sandler/1,62
Adam_Sandler/4,53
Adam_Scott/1,238
Adel_Al-Jubeir/2,469
Adisai_Bodharamik/0,282
Adoor_Gopalakarishnan/1,695
Adrian_Annus/4,120
Adrian_Nastase/1,59
Adrian_Nastase/2,58
Adrian_Nastase/4,71
Adrian_Nastase/5,55
Adriana_Lima/0,53
Adriana_Perez_Navarro/1,64
Adrianna_Zuzic/0,173
Adrianna_Zuzic/2,70
Adrien_Brody/4,53
Agbani_Darego/0,184
Agbani_Darego/2,71
Agbani_Darego/4,70
Agbani_Darego/5,52
Agnes_Bruckner/0,89
Agnes_Bruckner/1,51
Agnes_Bruckner/2,80
Agnes_Bruckner/4,59
Ahmed_Ahmed/0,197
Ahmed_Ahmed/1,73
Ahmed_Ahmed/4,95
Ahmed_Ahmed/5,233
Ahmed_Chalabi/2,260
Ahmed_Qureia/1,83
Ahmet_Necdet_Sezer/4,60
Aishwarya_Rai/0,76
Aishwarya_Rai/1,74
Aishwarya_Rai/4,63
Aishwarya_Rai/5,70
Akbar_Al_Baker/2,52
Akbar_Al_Baker/5,54
Akbar_Hashemi_Rafsanjani/0,56
Akmal_Taher/2,138
Akmal_Taher/4,110
Al_Davis/0,532
Al_Davis/5,422
Al_Gore/1,80
Al_Gore/2,48
Al_Gore/4,67
Al_Gore/5,56
Al_Leiter/0,72
Al_Leiter/4,72
Al_Pacino/2,49
Al_Pacino/3,60
Al_Pacino/4,105
Al_Sharpton/3,743
Alain_Ducasse/3,179
Alan_Dershowitz/1,119
Alan_Dershowitz/2,57
Alanis_Morissette/1,198
Alanis_Morissette/2,87
Alanna_Ubach/0,52
Alastair_Campbell/0,78
Alastair_Campbell/2,101
Alastair_Campbell/3,69
Albert_Brooks/0,217
Albert_Brooks/1,73
Albert_Brooks/3,75
Alberto_Fujimori/0,117
Alberto_Gonzales/2,84
Alberto_Gonzales/3,340
Alberto_Gonzales/5,629
Alberto_Ruiz_Gallardon/0,197
Alberto_Ruiz_Gallardon/4,74
Aldo_Paredes/5,108
Alec_Baldwin/0,50
Alec_Baldwin/3,67
Alec_Baldwin/5,125
Alecos_Markides/0,54
Alejandro_Gonzalez_Inarritu/0,70
Alejandro_Gonzalez_Inarritu/2,100
Alejandro_Gonzalez_Inarritu/4,61
Alek_Wek/0,137
Alek_Wek/1,141
Alek_Wek/3,56
Alek_Wek/4,279
Alek_Wek/5,52
Alessandra_Cerna/0,110
Alex_Cabrera/1,243
Alex_Ferguson/0,49
Alex_Ferguson/1,54
Alex_Ferguson/5,96
Alex_Holmes/4,50
Alex_Holmes/5,63
Alex_King/2,650
Alex_Penelas/0,582
Alex_Sink/4,598
Alex_Sink/5,226
Alexander_Downer/0,97
Alexander_Downer/3,58
Alexander_Downer/4,104
Alexander_Downer/5,54
Alexander_Lukashenko/1,125
Alexander_Lukashenko/3,75
Alexandra_Pelosi/0,166
Alexandra_Pelosi/1,55
Alexandra_Pelosi/3,93
Alexandre_Despatie/0,139
Alexandre_Despatie/1,86
Alexandre_Despatie/3,115
Alexandre_Despatie/5,63
Alexandre_Herchcovitch/5,219
Alexis_Bledel/1,81
Alexis_Bledel/2,61
Alexis_Bledel/3,55
Alexis_Dennisoff/3,184
Alexis_Dennisoff/5,49
Alfonso_Cuaron/0,650
Alfonso_Cuaron/2,50
Alfred_Sant/0,59
Alfred_Sant/2,247
Alfredo_Moreno/0,82
Alfredo_Moreno/1,49
Alfredo_di_Stefano/0,55
Alfredo_di_Stefano/2,57
Alfredo_di_Stefano/5,821
Ali_Abbas/2,49
Ali_Abbas/3,65
Ali_Abbas/4,61
Ali_Abbas/5,105
Ali_Fallahian/0,217
Ali_Fallahian/4,81
Ali_Khamenei/1,61
Ali_Mohammed_Maher/1,65
Ali_Mohammed_Maher/4,73
Alicia_Keys/1,49
Alicia_Silverstone/0,69
Alicia_Silverstone/1,49
Alicia_Silverstone/2,73
Alicia_Silverstone/5,78
Alicia_Witt/4,57
Alicia_Witt/5,75
Alimzhan_Tokhtakhounov/0,193
Alison_Lohman/0,466
Alison_Lohman/1,85
Alison_Lohman/2,142
Alison_Lohman/3,59
Alison_Lohman/4,153
Alison_Lohman/5,74
Ally_Sheedy/0,73
Ally_Sheedy/4,157
Allyson_Felix/0,57
Allyson_Felix/2,140
Alma_Powell/0,48
Alma_Powell/1,54
Alma_Powell/2,117
Alma_Powell/3,54
Alma_Powell/4,251
Alma_Powell/5,185
Alvaro_Silva_Calderon/0,65
Alvaro_Silva_Calderon/1,185
Alvaro_Silva_Calderon/2,181
Alvaro_Silva_Calderon/3,53
Aly_Wagner/1,113
Aly_Wagner/5,85
Alyson_Hannigan/2,137
Amanda_Beard/0,89
Amanda_Beard/1,129
Amanda_Beard/2,85
Amanda_Beard/3,101
Amanda_Beard/4,121
Amanda_Bynes/4,49
Amanda_Bynes/5,71
Amanda_Plumer/4,134
Amber_Frey/0,100
Amber_Frey/1,63
Amelia_Vega/1,53
Amelia_Vega/2,53
Amelia_Vega/3,93
Amelia_Vega/4,81
Amelie_Mauresmo/1,65
Amr_Moussa/2,221
Amr_Moussa/5,165
Amram_Mitzna/0,65
Amy_Brenneman/1,77
Amy_Brenneman/3,713
Amy_Brenneman/5,81
Amy_Yasbeck/1,153
Amy_Yasbeck/2,107
Amy_Yasbeck/4,85
Andre_Agassi/4,125
Andre_Agassi/5,57
Andre_Bucher/0,53
Andrea_Bocelli/1,313
Andrea_Bocelli/2,85
Andrea_Bocelli/3,53
Andrea_De_Cruz/1,93
Andrea_De_Cruz/4,97
Andrea_Yates/1,101
Andreas_Vinciguerra/5,165
Andres_DAlessandro/5,91
Andres_Manuel_Lopez_Obrador/1,93
Andres_Manuel_Lopez_Obrador/2,53
Andres_Manuel_Lopez_Obrador/3,185
Andrew_Bernard/0,141
Andrew_Bernard/1,217
Andrew_Bernard/2,69
Andrew_Bernard/3,81
Andrew_Bernard/4,61
Andrew_Bernard/5,57
Andrew_Cuomo/2,69
Andrew_Cuomo/3,51
Andrew_Firestone/1,49
Andrew_Luster/1,49
Andrew_Wetzler/0,221
Andrew_Wetzler/1,53
Andy_Dick/1,53
Andy_Dick/2,57
Andy_Lau/1,129
Andy_Lau/5,49
Andy_Roddick/2,53
Andy_Roddick/4,126
Andy_Roddick/5,53
Andy_Rooney/1,92
Andy_Rooney/2,181
Andy_Rooney/5,380
Angel_Lockward/3,1090
Angel_Lockward/4,73
Angel_Lockward/5,53
Angela_Bassett/2,88
Angela_Bassett/3,141
Angela_Bassett/4,294
Angela_Lansbury/0,77
Angela_Lansbury/2,274
Angela_Mascia-Frye/3,144
Angelina_Jolie/2,81
Angelina_Jolie/3,49
Angelo_Reyes/0,84
Angelo_Reyes/2,57
Angelo_Reyes/3,61
Angelo_Reyes/5,100
Angie_Martinez/1,109
Anibal_Ibarra/5,74
Anita_DeFrantz/0,115
BJ_Habibie/5,149
Barbara_Bodine/0,69
Barbara_Bodine/2,130
Barbara_Bodine/3,94
Barbara_Bodine/4,200
Barbara_Bodine/5,490
Barbara_Walters/0,201
Barbara_Walters/2,93
Barbara_Walters/4,61
Barbara_Walters/5,277
Barbra_Streisand/2,299
Barbra_Streisand/3,68
Barbra_Streisand/5,113
Barry_Alvarez/0,66
Barry_Alvarez/1,294
Barry_Alvarez/2,69
Barry_Alvarez/3,57
Barry_Diller/1,169
Barry_Diller/2,102
Barry_Diller/3,199
Barry_Diller/4,697
Barry_Hinson/0,63
Barry_Williams/1,73
Barry_Williams/2,421
Barry_Williams/3,57
Barry_Zito/2,65
Barry_Zito/3,61
Bartosz_Kizierowski/4,134
Bartosz_Kizierowski/5,60
Bashar_Assad/1,57
Bashar_Assad/2,129
Beatriz_Merino/1,233
Beatriz_Merino/2,137
Beatriz_Merino/3,67
Bela_Karolyi/1,93
Bela_Karolyi/3,57
Ben_Braun/2,273
Ben_Howland/1,173
Ben_Kingsley/1,77
Ben_Kingsley/2,405
Ben_Kingsley/5,90
Ben_Lee/2,67
Ben_Lee/3,53
Ben_Stein/1,245
Ben_Stein/3,62
Ben_Stein/4,117
Ben_Stein/5,115
Benedita_da_Silva/1,173
Benedita_da_Silva/2,53
Benedita_da_Silva/5,85
Benjamin_McKenzie/3,93
Benjamin_McKenzie/4,97
Benjamin_McKenzie/5,48
Bernadette_Peters/0,235
Bernadette_Peters/2,125
Bernard_Kerik/2,100
Bernard_Landry/2,89
Bernard_Landry/5,113
Bernard_Siegel/0,89
Bernice_Wong/1,206
Bernice_Wong/5,48
Bertie_Ahern/1,65
Bertrand_Delanoe/0,177
Bertrand_Delanoe/2,133
Bettina_Rheims/0,325
Betty_Williams/0,49
Betty_Williams/1,189
Beyonce_Knowles/0,65
Beyonce_Knowles/3,57
Beyonce_Knowles/5,95
Bianca_Jagger/2,81
Bianca_Jagger/3,1505
Bianca_Jagger/4,331
Biljana_Plavsic/0,690
Biljana_Plavsic/1,309
Biljana_Plavsic/3,121
Bill_Fennelly/0,173
Bill_Fennelly/4,137
Bill_Frist/0,96
Bill_Frist/1,105
Bill_Frist/2,123
Bill_Herrion/0,89
Bill_Hughes/0,119
Bill_Hughes/3,542
Brian_Cashman/1,1201
Cabas/0,65
Caio_Blat/1,97
Caio_Blat/4,55
Calbert_Cheaney/0,59
Calista_Flockhart/0,60
Calista_Flockhart/1,112
Calista_Flockhart/3,55
Calista_Flockhart/5,48
Cameron_Diaz/2,66
Cameron_Diaz/4,364
Cameron_Diaz/5,85
Camille_Colvin/0,131
Camryn_Manheim/0,216
Camryn_Manheim/1,198
Candice_Bergen/5,97
Candie_Kung/3,151
Carey_Lowell/0,187
Carey_Lowell/2,136
Carey_Lowell/3,53
Carla_Gugino/0,68
Carla_Gugino/1,68
Carla_Gugino/3,109
Carla_Gugino/5,97
Carla_Sullivan/2,48
Carla_Sullivan/4,59
Carla_Tricoli/2,91
Carlo_Azeglio_Ciampi/0,49
Carlo_Azeglio_Ciampi/1,592
Carlo_Azeglio_Ciampi/2,49
Carlo_Azeglio_Ciampi/5,619
Carlos_Alberto/0,88
Carlos_Alberto_Parreira/1,257
Carlos_Alberto_Parreira/4,371
Carlos_Bianchi/0,99
Carlos_Bianchi/4,170
Carlos_Ghosn/1,167
Carlos_Ghosn/2,80
Carlos_Ghosn/3,83
Carlos_Ghosn/4,50
Carlos_Ghosn/5,63
Carlos_Iturgaitz/1,126
Carlos_Iturgaitz/2,214
Carlos_Iturgaitz/3,750
Carlos_Iturgaitz/5,304
Carlos_Moya/3,80
Carlos_Queiroz/0,56
Carlos_Queiroz/1,77
Carlos_Queiroz/5,619
Carlos_Quintanilla_Schmidt/1,534
Carlos_Quintanilla_Schmidt/2,212
Carlos_Salinas/0,65
Carlos_Salinas/2,184
Carlos_Vives/0,66
Carlos_Vives/1,54
Carlos_Vives/5,53
Carlton_Dotson/1,59
Carly_Fiorina/5,130
Carly_Gullickson/1,138
Carly_Gullickson/3,179
Carmen_Electra/3,94
Carol_Burnett/3,118
Carolina_Kluft/0,65
Carolina_Kluft/5,51
Caroline_Dhavernas/0,165
Caroline_Dhavernas/5,184
Caroline_Kennedy/0,166
Caroline_Kennedy/4,219
Caroline_Link/1,201
Caroline_Link/5,142
Carrie-Anne_Moss/0,197
Carrie-Anne_Moss/1,128
Carrie-Anne_Moss/2,52
Carrie-Anne_Moss/5,84
Carroll_Weimer/2,81
Carson_Daly/2,255
Carson_Daly/4,343
Carson_Palmer/2,277
Casy_Preslar/0,159
Casy_Preslar/1,64
Cate_Blanchett/0,77
Cate_Blanchett/4,48
Cate_Blanchett/5,48
Catherine_Bell/0,55
Catherine_Deneuve/5,75
Catherine_Ndereba/3,70
Catherine_Zeta-Jones/0,186
Catherine_Zeta-Jones/2,79
Catherine_Zeta-Jones/5,55
Cathy_Cunningham/2,144
Catriona_Le_May_Doan/1,258
Catriona_Le_May_Doan/3,369
Catriona_Le_May_Doan/4,692
Cecile_de_France/4,180
Cecilia_Cheung/0,57
Cecilia_Cheung/1,79
Cecilia_Cheung/2,735
Cecilia_Cheung/5,78
Celine_Dion/0,78
Celine_Dion/3,75
Celso_Lafer/0,105
Celso_Lafer/1,143
Celso_Lafer/2,98
Cemil_Cicek/2,368
Cemil_Cicek/3,65
Cemil_Cicek/4,241
Cemil_Cicek/5,258
Cesar_Gaviria/2,103
Chanda_Rubin/4,49
Chanda_Rubin/5,749
Charles_Grassley/1,52
Charles_Grassley/2,68
Charles_Grassley/4,112
Charles_Ingram/1,232
Charles_Ingram/3,67
Charles_Mathews/0,83
Charles_Rogers/1,80
Charles_Schumer/0,199
Charles_Schumer/1,60
Charles_Schumer/3,449
Charles_Tannok/2,69
Charley_Armey/1,710
Charlie_Coles/1,52
Charlie_Coles/2,748
Charlie_Deane/0,223
Charlie_Deane/4,127
Charlie_Hunnam/4,60
Charlie_Zaa/2,176
Charlotte_Casiraghi/0,135
Charlotte_Casiraghi/1,272
Charlotte_Casiraghi/2,56
Charlotte_Church/3,186
Charlotte_Church/4,57
Charlotte_Rampling/0,83
Charlotte_Rampling/3,82
Charlotte_Rampling/4,201
Charlotte_Rampling/5,261
Charlton_Heston/1,128
Chen_Shui-bian/4,69
Cherie_Blair/0,73
Cherie_Blair/2,101
Cherie_Blair/3,81
Cherie_Blair/4,235
Cheryl_James/1,150
Cheryl_Tiegs/1,57
Chick_Hearn/1,52
Chick_Hearn/4,114
Chin-Feng_Chen/2,757
Chin-Feng_Chen/4,69
Chip_Ganassi/0,230
Chip_Ganassi/4,137
Chita_Rivera/0,57
Chita_Rivera/1,186
Chita_Rivera/2,61
Chita_Rivera/3,49
Choi_Sung-hong/2,76
Choi_Sung-hong/4,84
Choi_Sung-hong/5,649
Chris_Cirino/2,77
Chris_Cirino/3,49
Chris_Cirino/5,97
Chris_Cooper/0,606
Chris_Cooper/3,269
Chris_Cooper/4,65
Chris_Cornell/5,49
Chris_Dodd/2,293
Chris_Dodd/3,247
Chris_Hernandez/1,219
Chris_Klein/0,101
Chris_Matthews/0,121
Chris_Matthews/1,197
Chris_Matthews/3,249
Chris_Matthews/5,153
Chris_Moore/5,267
Chris_Noth/0,101
Chris_Noth/1,57
Chris_Noth/3,137
Chris_Penn/1,201
Chris_Rock/0,245
Chris_Rock/1,66
Chris_Rock/2,65
Chris_Thomas/0,217
Chris_Thomas/2,87
Chris_Tucker/0,49
Chris_Tucker/4,87
Chris_Tucker/5,50
Christian_Bale/1,117
Christian_Gimenez/1,99
Christian_Lacroix/3,73
Christian_Lacroix/4,173
Christian_Olsson/5,53
Christian_Wulff/1,198
Christiane_Wulff/1,198
Christine_Arron/3,49
Christine_Arron/4,55
Christine_Ebersole/0,49
Christine_Ebersole/2,54
Christine_Ebersole/5,114
Christine_Gregoire/2,133
Christine_Gregoire/5,53
Christine_Todd_Whitman/1,182
Christine_Todd_Whitman/2,57
Christine_Todd_Whitman/5,89
Christoph_Daum/1,69
Christopher_Matero/3,49
Christopher_Patten/1,180
Christopher_Patten/3,149
Christopher_Reeve/1,78
Christopher_Reeve/2,66
Christopher_Reeve/3,129
Christopher_Reeve/4,58
Christopher_Walken/0,537
Christopher_Walken/2,57
Christopher_Walken/4,85
Christopher_Walken/5,1845
Christy_Turlington/0,77
Christy_Turlington/2,53
Christy_Turlington/5,49
Chuanyun_Li/0,69
Chuanyun_Li/1,117
Chuanyun_Li/5,209
Chuck_Amato/1,69
Chuck_Amato/2,439
Chuck_Hagel/2,105
Chuck_Hagel/3,297
Chuck_Hagel/4,57
Chuck_Hagel/5,53
Chuck_Woolery/1,137
Chuck_Woolery/2,72
Chuck_Woolery/3,95
Chuck_Woolery/4,51
Chung_Mong-joon/0,77
Chung_Mong-joon/1,91
Ciaran_Hinds/4,193
Ciaran_Hinds/5,69
Cindy_Crawford/0,53
Cindy_Crawford/3,73
Cindy_Crawford/5,161
Cindy_Klassen/0,53
Cindy_Klassen/1,57
Cindy_Klassen/3,113
Cindy_Klassen/4,1133
Cindy_Taylor/0,393
Cindy_Taylor/2,51
Ciro_Gomes/1,57
Ciro_Gomes/2,49
Ciro_Gomes/4,73
Claire_Danes/3,53
Claire_Danes/4,133
Claire_Danes/5,61
Claire_Tomalin/0,197
Clara_Harris/3,69
Clark_Randt/1,109
Clark_Randt/2,77
Clark_Randt/4,145
Clark_Randt/5,125
Claude_Jorda/0,435
Claudette_Robinson/2,93
Claudette_Robinson/5,373
Claudia_Cardinale/1,49
Claudia_Pechstein/5,93
Claudia_Schiffer/3,58
Claudio_Abbado/2,129
Claudio_Abbado/4,97
Clive_Lloyd/3,218
Clive_Lloyd/4,253
Clive_Lloyd/5,173
Clive_Woodward/0,57
Clive_Woodward/1,50
Clive_Woodward/2,49
Coleen_Rowley/0,697
Coleen_Rowley/3,173
Colin_Cowie/4,357
Colin_Farrell/5,89
Colin_Montgomerie/2,181
Colin_Powell/1,106
Colin_Powell/4,77
Colin_Powell/5,65
Colleen_Atwood/3,49
Colleen_Atwood/5,101
Compay_Segundo/1,63
Conan_OBrien/0,53
Conan_OBrien/1,61
Conan_OBrien/4,721
Conan_OBrien/5,57
Connie_Chung/2,135
Connie_Chung/3,657
Connie_Chung/4,205
Connie_Chung/5,101
Conrad_Black/0,385
Conrad_Black/4,207
Corliss_Williamson/4,85
Costas_Simitis/0,97
Courtney_Love/2,134
Courtney_Love/4,57
Craig_David/0,51
Craig_David/1,89
Craig_David/2,185
Craig_David/3,113
Craig_David/5,53
Craig_Fitzgibbon/1,185
Crispin_Glover/3,61
Crispin_Glover/4,150
Crispin_Glover/5,180
Cristina_Fernandez/3,259
Cristina_Fernandez/4,74
Cristina_Fernandez/5,61
Cristina_Kirchner/3,50
Cristina_Kirchner/4,166
Cristina_Saralegui/0,107
Cristina_Saralegui/3,405
Cristina_Saralegui/5,133
Dai_Bachtiar/0,262
Dai_Bachtiar/1,513
Dai_Bachtiar/2,319
Dai_Bachtiar/5,206
Daisy_Fuentes/2,917
Daisy_Fuentes/3,97
Daisy_Fuentes/4,53
Dale_Earnhardt_Jr/1,93
Dale_Earnhardt_Jr/3,345
Damon_Stoudamire/0,153
Damon_Stoudamire/2,49
Damon_Stoudamire/3,117
Dan_Ackroyd/0,265
Dan_Ackroyd/2,221
Dan_Ackroyd/3,123
Dan_Dickau/2,149
Dan_Monson/2,925
Dan_Monson/5,225
Dan_Reeves/0,2017
Dan_Reeves/3,93
Daniel_Barenboim/2,57
Daniel_Barenboim/4,69
Daniel_Bruehl/1,557
Daniel_Bruehl/2,689
Daniel_Bruehl/3,165
Daniel_Day-Lewis/0,49
Daniel_Day-Lewis/3,58
Daniel_Day-Lewis/5,93
Daniel_Radcliffe/0,63
Daniel_Radcliffe/2,76
Daniel_Radcliffe/5,93
Daniel_Rouse/0,218
Daniel_Rouse/1,457
Daniel_Rouse/2,109
Daniel_Rouse/3,458
Daniel_Scioli/1,73
Daniel_Scioli/2,357
Daniela_Cicarelli/0,69
Daniela_Cicarelli/4,53
Daniela_Hantuchova/4,85
Daniell_Sunjata/1,354
Daniell_Sunjata/2,214
Daniell_Sunjata/4,165
Danielle_Spencer/3,222
Danny_Glover/1,49
Danny_Glover/3,129
Danny_Glover/5,79
Dany_Heatley/3,77
Dany_Heatley/4,70
Darcy_Regier/1,138
Dario_Franchitti/3,114
Darrell_Issa/0,121
Darrell_Issa/2,1110
Darrell_Issa/3,361
Darrell_Issa/4,1324
Darryl_McDaniels/1,169
Darryl_McDaniels/3,146
Dave_Campo/1,61
Dave_Campo/2,61
Dave_Campo/3,77
Dave_Matthews/1,105
Dave_Matthews/4,173
Dave_Matthews/5,49
David_Brent/0,373
David_Brent/1,77
David_Brent/2,61
David_Brent/3,177
David_Brent/4,137
David_Brent/5,121
David_Brinkley/2,125
David_Canary/4,74
David_Carradine/2,173
David_Carradine/5,73
David_Caruso/0,85
David_Caruso/1,51
David_Caruso/3,57
David_Caruso/4,48
Earl_Scruggs/1,71
Earl_Scruggs/4,182
Ed_Rendell/0,235
Ed_Rendell/2,159
Ed_Rendell/5,284
Ed_Rosenthal/0,149
Ed_Rosenthal/2,184
Ed_Sullivan/1,257
Eddie_Sutton/2,189
Edgar_Savisaar/0,98
Edgar_Savisaar/1,433
Edgar_Savisaar/2,69
Edie_Falco/2,193
Edie_Falco/3,146
Edie_Falco/4,152
Edie_Falco/5,73
Edmund_Stoiber/1,92
Edmund_Stoiber/3,93
Eduard_Limonov/3,184
Eduard_Shevardnadze/0,277
Eduard_Shevardnadze/3,49
Eduardo_Duhalde/0,229
Eduardo_Duhalde/1,70
Eduardo_Duhalde/3,61
Edward_Albee/2,121
Edward_Albee/3,87
Edward_Albee/4,91
Edward_Flynn/0,94
Edward_James_Olmos/1,69
Edward_James_Olmos/3,114
Edward_James_Olmos/4,140
Edward_Norton/0,269
Edward_Norton/1,249
Edward_Norton/3,139
Edward_Norton/4,109
Edward_Norton/5,177
Edward_Said/1,93
Edward_Seaga/1,641
Edward_Seaga/2,54
Edward_Seaga/3,393
Edward_Seaga/4,702
Edwin_Edwards/0,51
Edwin_Edwards/1,64
Edwina_Currie/0,85
Edwina_Currie/4,57
Eileen_Coparropa/1,61
Einars_Repse/4,105
El_Hadji_Diouf/3,109
Elaine_Chao/0,69
Elaine_Chao/1,251
Elaine_Chao/2,1981
Elaine_Chao/5,121
Elaine_Stritch/1,97
Elaine_Stritch/3,202
Elaine_Stritch/4,156
Elaine_Stritch/5,55
Elena_Bereznaya/4,131
Elena_Dementieva/2,69
Elena_Dementieva/4,53
Elena_de_Chavez/0,226
Elgin_Baylor/0,97
Eli_Broad/1,1067
Eli_Broad/5,85
Eli_Rosenbaum/2,93
Eliane_Karp/0,57
Eliane_Karp/1,260
Eliane_Karp/3,129
Eliane_Karp/4,317
Elias_Attallah/0,57
Elias_Attallah/3,53
Elijah_Wood/0,889
Elijah_Wood/1,69
Elijah_Wood/3,55
Elinor_Caplan/0,94
Eliott_Spitzer/3,49
Elisha_Cuthbert/1,74
Elisha_Cuthbert/5,262
Elizabeth_Berkeley/1,53
Elizabeth_Berkeley/2,157
Elizabeth_Berkeley/3,66
Elizabeth_Berkeley/4,1393
Elizabeth_Berkeley/5,133
Elizabeth_Dole/0,102
Elizabeth_Dole/1,56
Elizabeth_Dole/3,49
Elizabeth_Hill/0,245
Elizabeth_Hill/2,57
Elizabeth_Hurley/0,81
Elizabeth_Pena/1,69
Elizabeth_Regan/3,62
Elizabeth_Shue/0,57
Elizabeth_Shue/2,113
Elizabeth_Shue/4,79
Elizabeth_Smart/2,65
Ellen_DeGeneres/1,193
Ellen_DeGeneres/5,77
Ellen_MacArthur/3,169
Ellen_Pompeo/0,49
Ellen_Pompeo/4,61
Ellen_Saracini/0,133
Elmar_Brok/0,1054
Elmar_Brok/2,201
Elmar_Brok/3,200
Elmar_Brok/5,107
Elodie_Bouchez/3,49
Elton_John/1,53
Elton_John/2,49
Elton_John/3,69
Elton_John/4,98
Elva_Hsiao/3,81
Elva_Hsiao/5,51
Elvis_Costello/0,85
Elvis_Costello/5,361
Elvis_Presley/0,49
Elvis_Presley/4,97
Emilio_Azcarraga_Jean/1,777
Emily_Mortimer/0,104
Emily_Mortimer/1,293
Emily_Mortimer/3,50
Emily_Robison/5,69
Emma_Nicholson/1,66
Emma_Nicholson/2,49
Emma_Nicholson/3,248
Emma_Thompson/2,119
Emma_Thompson/3,101
Emma_Thompson/4,176
Emma_Thompson/5,86
Emma_Watson/2,89
Emma_Watson/4,118
Emmanuel_Milingo/1,209
Emmanuelle_Beart/3,76
Emmy_Rossum/2,61
Emmy_Rossum/3,99
Emmy_Rossum/4,61
Emmy_Rossum/5,60
Enrique_Bolanos/4,145
Enrique_Haroldo_Gorriaran_Merlo/0,49
Eric_Bana/4,333
Eric_Benet/0,142
Eric_Benet/1,206
Eric_Benet/3,61
Eric_Fehr/1,69
Eric_Fehr/2,101
Eric_Idle/0,101
Eric_Idle/3,113
Eric_Idle/4,109
Eric_Lindros/3,85
Eric_Lloyd/0,53
Eric_Lloyd/2,81
Eric_Shinseki/2,79
Eric_Shinseki/3,49
Eric_Shinseki/4,189
Eric_Staal/1,48
Eric_Staal/2,49
Eric_Staal/5,319
Eric_Wedge/5,53
Eriko_Tamura/3,193
Erin_Hershey_Presley/1,57
Erin_Hershey_Presley/3,49
Erin_Hershey_Presley/4,95
Ernesto_Zedillo/1,105
Ernesto_Zedillo/2,49
Ernesto_Zedillo/3,73
Ernesto_Zedillo/4,2125
Ernie_Grunfeld/2,110
Ernie_Grunfeld/3,74
Ernie_Grunfeld/4,317
Ernie_Grunfeld/5,89
Estelle_Morris/1,62
Estelle_Morris/2,74
Estelle_Morris/3,69
Estelle_Morris/4,129
Esther_Macklin/5,61
Etta_James/4,49
Eunice_Barber/0,85
Eunice_Barber/1,153
Eunice_Barber/5,55
Eva_Amurri/4,50
Eva_Amurri/5,61
Eva_Dimas/2,125
Eva_Herzigova/0,53
Eva_Herzigova/2,137
Eva_Marie_Saint/4,106
Eva_Mendes/4,49
Eva_Mendes/5,111
Evan_Marriott/0,53
Evan_Marriott/1,101
Evander_Holyfield/0,69
Farouk_Kaddoumi/1,59
Felicity_Huffman/2,121
Felicity_Huffman/3,59
Felicity_Huffman/4,57
Felicity_Huffman/5,61
Felipe_De_Borbon/1,1581
Felipe_De_Borbon/2,813
Ferenc_Madl/2,83
Ferenc_Madl/4,69
Fernando_Henrique_Cardoso/0,49
Fernando_Henrique_Cardoso/2,445
Fernando_Henrique_Cardoso/3,545
Fernando_Sanz/3,1965
Fernando_Sanz/4,73
Fernando_Sanz/5,52
Fernando_Valenzuela/0,156
Fernando_Valenzuela/2,242
Festus_Mogae/0,134
Festus_Mogae/1,94
Festus_Mogae/3,81
Fidel_Castro/0,73
Fidel_Castro/5,53
Fidel_Castro_Daiz-Balart/1,74
Fidel_Castro_Daiz-Balart/3,57
Fidel_Castro_Daiz-Balart/4,73
Filip_De_Winter/1,53
Filip_De_Winter/3,317
Filip_De_Winter/4,54
Flavia_Delaroli/3,91
Flavia_Pennetta/3,109
Flavia_Pennetta/4,66
Flavia_Pennetta/5,51
Florecita_Cobian/0,89
Florecita_Cobian/1,63
Florecita_Cobian/2,142
Fran_Drescher/2,77
Fran_Drescher/3,61
Fran_Drescher/5,81
Frances_Fisher/2,125
Frances_Fisher/3,158
Frances_Fisher/4,81
Francesco_Totti/3,61
Francis_Collins/0,137
Francis_Collins/1,197
Francis_Collins/2,63
Francis_Collins/3,51
Francis_Collins/4,171
Francis_Ford_Coppola/1,49
Francis_Ford_Coppola/4,94
Francis_Ford_Coppola/5,49
Francisco_Garcia/4,97
Francisco_Garcia/5,80
Francisco_Santos/2,81
Francisco_Santos/3,178
Franco_Frattini/0,365
Franco_Frattini/1,49
Franco_Frattini/3,585
Francois_Pienaar/1,585
Frank_Caliendo/1,196
Frank_Caliendo/3,830
Frank_Caliendo/4,217
Frank_Caliendo/5,157
Frank_Griswold/1,61
Frank_Hsieh/4,265
Frank_Keating/3,765
Frank_Keating/4,67
Frank_Keating/5,85
Frank_Murkowski/5,223
Frank_Solich/1,53
Frank_Solich/2,95
Frank_Solich/3,69
Frank_Stallone/0,57
Frank_Stallone/1,53
Frank_Wycheck/2,152
Franklin_Brown/0,117
Franklin_Brown/1,158
Franklin_Brown/4,49
Franz_Fischler/0,97
Franz_Fischler/3,53
Franz_Fischler/4,56
Franz_Fischler/5,109
Franz_Muentefering/1,125
Franz_Muentefering/2,69
Fred_Eckhard/0,117
Fred_Eckhard/1,409
Fred_Eckhard/2,1273
Fred_Eckhard/3,327
Fred_Eckhard/4,272
Fred_Rogers/0,67
Fred_Rogers/2,65
Fred_Rogers/5,201
Fred_Thompson/1,81
Fred_Thompson/5,709
Frederique_van_der_Wal/3,131
GL_Peiris/0,85
GL_Peiris/1,2157
GL_Peiris/3,201
GL_Peiris/4,113
GL_Peiris/5,69
Gabi_Zimmer/0,1965
Gabi_Zimmer/1,54
Gabi_Zimmer/2,1937
Gabi_Zimmer/4,89
Gabi_Zimmer/5,2025
Gabriel_Valdes/1,199
Gabriel_Valdes/3,308
Gabriella_Bo/1,55
Gabriella_Bo/4,86
Gabriella_Bo/5,49
Gabrielle_Union/4,93
Gael_Garcia_Bermal/3,49
Gael_Garcia_Bermal/4,117
Gary_Bauer/3,102
Gary_Bettman/0,261
Gary_Bettman/1,49
Gary_Bettman/3,149
Gary_Bettman/4,127
Gary_Carter/1,297
Gary_Carter/3,70
Gary_Coleman/3,89
Gary_Coleman/4,69
Gary_Coleman/5,49
Gary_Forsee/0,189
Gary_Forsee/1,189
Gary_Locke/0,117
Gary_Locke/4,121
Gary_Marshall/0,185
Gary_Marshall/2,1165
Gary_Paer/2,186
Gary_Paer/5,161
Gaston_Gaudio/0,77
Gaston_Gaudio/3,133
Gavin_Degraw/3,61
Gene_Hackman/2,57
Gene_Hackman/3,49
Gene_Hackman/4,181
Gene_Keady/1,94
Gennifer_Flowers/0,57
Gennifer_Flowers/5,86
Geoff_Dixon/0,83
Geoff_Dixon/1,249
Geoff_Hoon/3,152
Geoff_Hoon/4,73
Geoffrey_Davis/5,109
Geoffrey_Rush/0,107
Geoffrey_Rush/1,58
Geoffrey_Rush/2,49
George_Blaney/3,564
George_Blaney/5,135
George_Harrison/1,133
George_Harrison/2,65
George_Karl/1,117
George_Karl/2,211
George_Karl/5,93
George_Lopez/2,100
George_Lopez/3,57
George_P_Bush/0,106
George_P_Bush/1,57
George_Plimpton/0,109
George_Plimpton/2,57
George_W_Bush/0,57
George_W_Bush/1,128
George_W_Bush/2,69
George_W_Bush/3,365
George_W_Bush/4,201
Georgi_Parvanov/2,69
Geraldine_Chaplin/3,203
Geraldine_Chaplin/4,97
Geraldo_Rivera/2,77
Geraldo_Rivera/3,49
Geraldo_Rivera/4,301
Gerard_Depardieu/2,93
Gerard_Depardieu/5,77
Gerard_Kleisterlee/1,636
Gerard_Kleisterlee/4,497
Habib_Rizieq/0,116
Halle_Berry/0,118
Ham_Pong-sil/0,53
Ham_Pong-sil/2,68
Hama_Arba_Diallo/3,236
Hamad_Bin_Jassim/2,88
Han_Sung_Joo/1,579
Hana_Sadiq/0,58
Hana_Sadiq/1,120
Hana_Sadiq/4,51
Hanan_Ashrawi/1,320
Hanan_Ashrawi/2,218
Hanan_Ashrawi/3,276
Hanan_Ashrawi/4,264
Hank_McKinnell/0,78
Hank_McKinnell/3,152
Hank_McKinnell/4,54
Hannah_Stockbauer/5,77
Hans-Christian_Schmid/5,160
Hans_Blix/3,61
Hans_Eichel/5,223
Harald_Ringstorff/2,193
Harald_Ringstorff/5,48
Harvey_Fierstein/0,80
Harvey_Fierstein/2,57
Harvey_Fierstein/5,134
Harvey_Weinstein/2,75
Hasan_Wirayuda/2,81
Hassan_Nasrallah/0,188
Hassan_Nasrallah/3,62
Hassan_Nasrallah/4,269
Hassan_Nasrallah/5,117
Ian_Gillan/2,110
Ian_Gillan/5,625
Ian_McKellen/0,100
Ibrahim_Al-Marashi/0,243
Ibrahim_Al-Marashi/1,65
Ibrahim_Jaafari/0,87
Ibrahim_Jaafari/5,53
Idi_Amin/0,53
Idi_Amin/2,57
Igor_Trunov/2,997
Igor_Trunov/3,697
Ilie_Nastase/0,53
Ilie_Nastase/2,80
Imre_Kertasz/4,61
Imre_Kertasz/5,67
Inam-ul-Haq/1,82
Inam-ul-Haq/2,53
Inam-ul-Haq/3,75
Ingrid_Betancourt/3,154
Ingrid_Betancourt/5,93
Inocencio_Arias/0,437
Inocencio_Arias/4,685
Ion_Tiriac/0,102
Ion_Tiriac/1,55
Ion_Tiriac/5,233
Isabelle_Huppert/2,420
Isabelle_Huppert/3,63
Isabelle_Huppert/4,253
Isaiah_Washington/3,57
Isaiah_Washington/5,121
Itamar_Franco/0,117
Itamar_Franco/2,63
Ivan_Helguera/1,237
Ivan_Stambolic/2,157
JC_Chasez/4,57
JK_Rowling/2,51
JK_Rowling/3,65
JK_Rowling/4,73
JK_Rowling/5,189
Jack_LaLanne/2,185
Jack_Nicholson/4,209
Jack_Osbourne/0,53
Jack_Osbourne/2,49
Jack_Valenti/1,61
Jack_Valenti/2,66
Jack_Valenti/4,2041
Jack_Welch/1,72
Jack_Welch/2,73
Jack_Welch/3,197
Jack_Welch/4,449
Jack_Welch/5,106
Jackie_Chan/2,49
Jackie_Chan/5,49
Jackie_Sherrill/2,385
Jackie_Sherrill/4,753
Jackie_Sherrill/5,61
Jacky_Cheung/0,84
Jacqueline_Obradors/5,51
Jacques_Chirac/5,129
Jacques_Rogge/5,705
Jafar_Umar_Thalib/0,137
Jafar_Umar_Thalib/2,94
Jafar_Umar_Thalib/3,58
Jafar_Umar_Thalib/5,99
Jaime_Pressly/0,53
Jaime_Pressly/1,89
Jaime_Pressly/2,53
Jaime_Pressly/4,62
Jake_Gyllenhaal/0,281
Jake_Gyllenhaal/4,73
Jake_Gyllenhaal/5,117
Jake_Plummer/2,120
Jake_Plummer/4,118
Jake_Plummer/5,89
Jalen_Rose/5,49
James_Baker/2,429
James_Baker/5,905
James_Brosnahan/1,49
James_Caan/2,125
James_Carville/0,57
James_Carville/1,403
James_Carville/3,297
James_Carville/5,206
James_Comey/3,697
James_Comey/4,62
James_Comey/5,121
James_Cunningham/0,97
James_Cunningham/1,57
James_Cunningham/2,75
James_Cunningham/3,285
James_Cunningham/4,78
James_Franco/4,61
James_Gandolfini/4,89
James_Kirtley/0,2125
James_Kirtley/2,201
James_Kopp/1,93
James_McPherson/0,406
James_McPherson/1,110
James_McPherson/2,208
James_Meeks/0,493
James_Meeks/1,53
James_Meeks/2,153
James_Phelps/3,78
James_Robertson_Jr/0,141
James_Sensenbrenner/0,82
James_Sensenbrenner/1,1837
James_Sensenbrenner/2,62
James_Watt/1,61
James_Wolfensohn/0,85
James_Wolfensohn/2,749
James_Wolfensohn/3,241
James_Wolfensohn/5,70
Jamie_Dimon/2,53
Jamie_Dimon/4,95
Jamie_Lee_Curtis/0,77
Jamie_Lee_Curtis/3,73
Jamie_Lee_Curtis/4,145
Jamie_Lee_Curtis/5,145
Jamir_Miller/4,113
Jan_Bjoerklund/0,65
Jan_Bjoerklund/4,1100
Jan_Bjoerklund/5,109
Jan_Peter_Balkenende/0,119
Jan_Peter_Balkenende/1,53
Jan_Peter_Balkenende/2,176
Jan_Peter_Balkenende/3,113
Jan_Peter_Balkenende/5,82
Jan_Ullrich/4,58
Jan_Ullrich/5,117
Jane_Krakowski/0,61
Jane_Krakowski/1,81
Jane_Krakowski/2,149
Jane_Krakowski/4,81
Jane_Krakowski/5,53
Jane_Pauley/1,49
Jane_Pauley/3,157
Jane_Pauley/4,278
Jane_Rooney/0,89
Jane_Rooney/1,221
Jane_Rooney/2,517
Jane_Russell/4,85
Janet_Napolitano/5,225
Janez_Drnovsek/1,181
Janice_Abreu/0,65
Janis_Ruth_Coulter/0,61
Janis_Ruth_Coulter/2,179
Janis_Ruth_Coulter/4,288
Janis_Ruth_Coulter/5,62
Janusz_Kaminski/3,69
Janusz_Kaminski/4,69
Janusz_Kaminski/5,98
Jaouad_Gharib/0,549
Jaouad_Gharib/3,61
Jaromir_Jagr/4,69
Jason_Biggs/0,131
Jason_Biggs/1,65
Jason_Biggs/2,84
Karen_Lynn_Gorney/0,49
Karen_Lynn_Gorney/5,53
Karin_Viard/1,85
Karin_Viard/3,111
Katalin_Kollat/2,57
Katalin_Kollat/4,129
Kate_Winslet/0,101
Kate_Winslet/1,1051
Kate_Winslet/5,580
Kathryn_Morris/1,149
Kathryn_Morris/2,393
Kathryn_Morris/4,55
Kathryn_Morris/5,49
Katie_Smith/3,89
Katja_Riemann/0,57
Katja_Riemann/1,111
Katja_Riemann/2,105
Keanu_Reeves/0,73
Keira_Knightley/1,57
Keira_Knightley/3,49
Keith_Olbermann/0,585
Keith_Olbermann/1,785
Keith_Olbermann/2,497
Keith_Olbermann/4,54
Keith_Olbermann/5,133
Kelsey_Grammer/1,49
Kelsey_Grammer/3,89
Kelsey_Grammer/4,178
Kelsey_Grammer/5,77
Kemal_Dervis/0,261
Kemal_Dervis/1,275
Kemal_Dervis/3,53
Ken_Watanabe/3,69
Ken_Watanabe/5,81
Kenenisa_Bekele/3,137
Kenneth_Branagh/0,66
Kenneth_Branagh/3,149
Kenneth_Branagh/5,315
Kenneth_Carlsen/3,75
Kenneth_Carlsen/4,72
Kenneth_Reichert/2,70
Kenneth_Reichert/3,65
Kevin_Borseth/0,105
Kevin_Borseth/2,49
Kevin_Borseth/4,83
Kevin_Keegan/0,54
Kevin_Satterfield/0,83
Kevin_Satterfield/1,177
Kevin_Satterfield/2,141
Kevin_Spacey/0,97
Kevin_Spacey/1,65
Kevin_Spacey/2,77
Kevin_Spacey/3,105
Kevin_Spacey/4,390
Kevin_Spacey/5,209
Kevin_Tarrant/3,69
Kieran_Culkin/0,146
Kieran_Culkin/1,65
Kieran_Culkin/2,125
Kim_Gandy/0,109
Kim_Gandy/2,464
Kim_Gandy/3,117
Kim_Gandy/4,61
Kim_Gandy/5,118
Kim_Jong-Il/0,101
King_Abdullah_II/1,113
King_Abdullah_II/4,84
Kirk_Ferentz/0,277
Kirk_Ferentz/1,51
Kirk_Ferentz/2,61
Kirk_Ferentz/4,138
Kirk_Ferentz/5,145
Kit_Bond/1,905
Kit_Bond/2,81
Kit_Bond/3,117
Kit_Bond/5,119
Kofi_Annan/2,1925
Kofi_Annan/3,177
Kostya_Tszyu/1,109
Kostya_Tszyu/2,69
Krishna_Bhadur_Mahara/0,163
Krishna_Bhadur_Mahara/1,51
Krishna_Bhadur_Mahara/2,89
Krishna_Bhadur_Mahara/3,65
Krishna_Bhadur_Mahara/5,481
Kristen_Breitweiser/0,165
Kristen_Breitweiser/1,2129
Kristen_Breitweiser/2,253
Kristen_Breitweiser/5,309
Kristin_Chenoweth/1,81
Kristin_Chenoweth/2,94
Kristin_Chenoweth/4,57
Kristin_Chenoweth/5,81
Kristin_Scott/1,52
Kristin_Scott/4,55
Kristin_Scott/5,62
Kristy_Curry/0,113
Kristy_Curry/2,452
Kristy_Curry/3,153
Kurt_Schottenheimer/5,89
Kurt_Warner/0,49
Kurt_Warner/1,57
Kweisi_Mfume/0,429
Kweisi_Mfume/1,265
Kweisi_Mfume/4,153
Kweisi_Mfume/5,157
LK_Advani/5,85
Laila_Ali/3,85
Lance_Bass/1,61
Lance_Bass/3,57
Lara_Logan/5,97
Larenz_Tate/2,85
Larry_Brown/1,81
Larry_Brown/2,66
Larry_Coker/2,153
Larry_Donald/0,50
Larry_Ellison/4,290
Larry_Ellison/5,94
Larry_Lucchino/2,101
Larry_Lucchino/3,57
Larry_Pleau/0,313
Larry_Wilmore/0,61
Larry_Wilmore/2,69
Larry_Wilmore/5,50
Laura_Bozzo/0,77
Laura_Bozzo/1,53
Laura_Bozzo/4,79
Laura_Bush/1,48
Laura_Bush/2,54
Laura_Bush/4,185
Laura_Bush/5,115
Laura_Flessel/0,161
Laura_Flessel/2,96
Laura_Hernandez/0,86
Laura_Linney/0,54
Laura_Linney/4,61
Laura_Marlow/3,157
Laura_Pausini/0,56
Laura_Pausini/2,195
Laura_Schlessinger/2,139
Laura_Ziskin/1,294
Lauren_Hutton/0,133
Lauren_Hutton/1,74
Lauren_Hutton/2,61
Lauren_Hutton/3,253
Lauren_Hutton/4,57
Lauren_Hutton/5,153
Laurence_Fishburne/2,107
Laurence_Fishburne/4,71
Laurence_Fishburne/5,133
Laurence_Tribe/0,54
Laurence_Tribe/5,85
Laurent_Gbagbo/4,153
Laurent_Woulzy/0,65
Laurent_Woulzy/2,49
Laurie_Laychak/0,1061
Laurie_Laychak/1,86
Laurie_Laychak/4,353
Leah_Remini/5,49
Leandrinho_Barbosa/0,109
Lee_Baca/0,121
Lee_Baca/1,69
Lee_Baca/2,190
Lee_Baca/4,53
Lee_Byung-woong/0,55
Lee_Byung-woong/5,82
Lee_Chang-dong/0,447
Lee_Tae-sik/1,178
Leland_Chapman/1,69
Leland_Chapman/4,84
Lena_Katina/2,78
Lena_Katina/4,137
Lene_Espersen/1,65
Lene_Espersen/2,833
Lene_Espersen/4,61
Lennart_Johansson/1,95
Lenny_Wilkens/0,53
Lenny_Wilkens/3,49
Leon_Lai/2,73
Leonard_Hamilton/3,49
Leonid_Kuchma/2,67
Leonid_Kuchma/4,181
Lesia_Burlak/0,54
Lesia_Burlak/2,49
Lesia_Burlak/3,89
Leslie_Moonves/4,217
Leticia_Dolera/0,909
Leticia_Dolera/2,112
Leticia_Dolera/4,77
Leticia_Van_de_Putte/0,1905
Leticia_Van_de_Putte/1,257
Leticia_Van_de_Putte/4,74
Leuris_Pupo/0,49
Leuris_Pupo/2,69
Leuris_Pupo/3,61
Leuris_Pupo/4,53
Li_Ka-shing/0,53
Li_Zhaoxing/0,50
Li_Zhaoxing/3,77
Li_Zhaoxing/4,73
Liam_Neeson/4,61
Lima_Azimi/2,79
Lin_Yi-fu/2,61
Lincoln_Chafee/2,171
Lincoln_Chafee/3,969
Lincoln_Chafee/5,825
Linda_Dano/0,85
Linda_Dano/2,48
Linda_Dano/3,53
Linda_Dano/4,106
Linda_Dano/5,89
Linda_Franklin/0,1933
Linda_Franklin/1,1837
Linda_Franklin/2,1909
Linda_Franklin/4,265
Linda_Lingle/0,69
Linda_Lingle/2,492
Linda_Lingle/4,165
Linda_Mason/4,504
Linda_Mason/5,334
Linda_Sanchez/0,389
Linda_Sanchez/1,104
Linda_Sanchez/2,226
Linda_Sanchez/4,521
Lindsey_Graham/0,245
Lindsey_Graham/1,57
Lindsey_Graham/3,405
Lindy_Ruff/2,269
Linus_Roache/0,93
Linus_Roache/5,86
Lionel_Richie/0,53
Lionel_Richie/2,48
Lionel_Richie/3,157
Lisa_Ling/0,138
Lisa_Ling/1,81
Lisa_Ling/2,54
Lisa_Marie_Presley/0,49
Lisa_Marie_Presley/1,69
Lisa_Marie_Presley/2,97
Lisa_Marie_Presley/4,53
Lisa_Stansfield/3,65
Liu_Mingkang/0,67
Liu_Mingkang/1,465
Liv_Tyler/3,57
Liv_Tyler/5,77
Loretta_Lynn_Harper/0,341
Loretta_Lynn_Harper/3,65
Loretta_Lynn_Harper/4,61
Loretta_Lynn_Harper/5,69
Lorraine_Bracco/0,73
Lorraine_Bracco/5,100
Lou_Lang/0,275
Lou_Lang/1,51
Lou_Lang/2,50
Lou_Lang/5,48
Louis_Van_Gaal/0,71
Louis_Van_Gaal/1,445
Louis_Van_Gaal/4,49
Lubomir_Zaoralek/0,101
Lubomir_Zaoralek/2,109
Lubomir_Zaoralek/5,1925
Luc_Montagnier/2,937
Luc_Montagnier/4,769
Luc_Montagnier/5,81
Luca_Cordero_di_Montezemolo/5,57
Lucia_Kenny_Anthony/0,121
Lucia_Kenny_Anthony/1,53
Lucia_Kenny_Anthony/4,109
Lucia_Kenny_Anthony/5,53
Luciano_Pavarotti/0,90
Luciano_Pavarotti/2,58
Lucio_Stanca/0,201
Lucio_Stanca/1,76
Lucio_Stanca/2,292
Lucio_Stanca/3,1965
Lucio_Stanca/4,103
Lucy_Liu/1,357
Lucy_Liu/5,75
Ludivine_Sagnier/0,101
Ludivine_Sagnier/1,49
Ludivine_Sagnier/3,117
Ludivine_Sagnier/5,238
Ludwig_Ovalle/1,50
Luis_Ernesto_Derbez_Bautista/0,65
Luis_Ernesto_Derbez_Bautista/1,57
Luis_Ernesto_Derbez_Bautista/3,123
Luis_Ernesto_Derbez_Bautista/5,61
Luis_Fonsi/2,153
Luis_Fonsi/4,49
Luis_Fonsi/5,227
Luis_Guzman/0,50
Luis_Guzman/4,138
Luiz_Felipe_Scolari/2,268
Luiz_Felipe_Scolari/3,297
Luiz_Inacio_Lula_da_Silva/2,61
Luiz_Inacio_Lula_da_Silva/4,313
Lyle_Lovett/2,189
Lyle_Lovett/4,137
Lyle_Lovett/5,74
Lynn_Abraham/0,73
Lynn_Redgrave/0,49
Lynne_Cheney/0,61
Lynne_Cheney/1,60
Mack_Brown/0,65
Mack_Brown/4,63
Mack_Brown/5,114
Madeleine_Albright/5,417
Maggie_Cheung/0,213
Maggie_Cheung/3,94
Maggie_Cheung/5,61
Maggie_Smith/0,57
Maggie_Smith/3,62
Maggie_Smith/4,65
Maggie_Smith/5,73
Magui_Serna/0,277
Mahathir_Mohamad/0,287
Mahathir_Mohamad/1,569
Mahathir_Mohamad/2,537
Mahathir_Mohamad/3,319
Mahmoud_Abbas/1,144
Mahmoud_Abbas/2,197
Mahmoud_Al_Zhar/0,79
Makhdoom_Amin_Fahim/0,90
Makhdoom_Amin_Fahim/2,144
Makhdoom_Amin_Fahim/5,189
Manijeh_Hekmat/0,89
Manijeh_Hekmat/2,61
Manuel_Llorente/0,481
Manuel_Llorente/3,146
Manuel_Pellegrini/1,98
Manuel_Pellegrini/2,229
Manuel_Pellegrini/3,103
Manuel_Poggiali/1,277
Marc_Bulger/0,85
Marc_Racicot/0,229
Marc_Racicot/2,339
Marc_Racicot/4,116
Marc_Racicot/5,83
Marc_Shaiman/1,313
Marc_Shaiman/2,153
Marc_Shaiman/3,117
Marcella_Anderson/0,193
Marcelo_Ebrard/0,61
Marcelo_Ebrard/3,121
Marcos_Milinkovic/0,73
Marcos_Milinkovic/2,77
Margaret_Thatcher/1,80
Margaret_Thatcher/3,301
Margaret_Thatcher/4,1741
Margaret_Thatcher/5,81
Maria_Bello/1,137
Maria_Bello/2,49
Maria_Bello/3,132
Maria_Bello/4,205
Maria_Bello/5,105
Maria_Callas/1,125
Maria_Callas/2,1161
Maria_Guida/0,141
Maria_Guida/3,281
Maria_Shriver/0,453
Maria_Shriver/4,105
Maria_Soledad_Alvear_Valenzuela/1,73
Maria_Soledad_Alvear_Valenzuela/3,50
Maria_Soledad_Alvear_Valenzuela/4,173
Maria_Wetterstrand/1,1749
Maria_Wetterstrand/3,61
Mariana_Ohata/0,85
Mariana_Ohata/2,121
Mariana_Ohata/3,117
Mariangel_Ruiz_Torrealba/1,209
Marie-Josee_Croze/2,126
Marie-Josee_Croze/3,151
Marie-Josee_Croze/4,353
Marieta_Chrousala/0,181
Marieta_Chrousala/1,125
Marieta_Chrousala/3,57
Marieta_Chrousala/4,61
Marina_Silva/1,61
Marina_Silva/2,255
Marina_Silva/4,173
Marina_Silva/5,101
Mario_Dumont/0,189
Mario_Dumont/2,169
Mario_Gallegos/3,305
Mario_Gallegos/4,53
Mario_Jardel/1,110
Mario_Kreutzberger/2,519
Mario_Kreutzberger/3,122
Mario_Kreutzberger/4,189
Mario_Lobo_Zagallo/1,497
Mario_Lobo_Zagallo/5,53
Mario_Vasquez_Rana/0,49
Marion_Barry/0,531
Marion_Barry/2,373
Marisa_Tomei/1,177
Marisa_Tomei/2,53
Marisa_Tomei/4,121
Mark_Cuban/3,695
Mark_Cuban/4,265
Mark_Dacey/0,77
Mark_Dacey/1,107
Mark_Dacey/3,121
Mark_Foley/1,97
Mark_Foley/4,160
Mark_Foley/5,59
Mark_Geragos/2,77
Mark_Geragos/4,421
Mark_Kelly/0,73
Mark_Kelly/1,58
Mark_Leno/1,1597
Mark_Leno/2,245
Mark_Shapiro/1,69
Mark_Wahlberg/2,85
Markus_Beyer/5,86
Marquier_Montano_Contreras/0,1001
Marquier_Montano_Contreras/5,129
Martha_Lucia_Ramirez/2,57
Martha_Lucia_Ramirez/3,113
Martha_Stewart/0,81
Martha_Stewart/3,89
Martin_Frost/0,270
Martin_Frost/2,61
Martin_Landau/0,186
Martin_Landau/2,125
Martin_McGuinness/1,477
Martin_McGuinness/4,98
Mary-Kate_Olsen/5,109
Mary_Carey/0,57
Mary_Carey/4,59
Mary_Landrieu/0,495
Mary_Landrieu/1,65
Mary_Landrieu/2,1069
Mary_Landrieu/3,666
Mary_Landrieu/5,97
Mary_Matalin/0,167
Mary_Matalin/1,829
Mary_Matalin/2,585
Mary_Matalin/3,253
Mary_Matalin/5,293
Massoud_Barzani/0,331
Massoud_Barzani/1,118
Massoud_Barzani/2,461
Massoud_Barzani/4,53
Matt_Anderson/0,189
Matt_Anderson/1,150
Matt_Anderson/2,65
Matt_Anderson/5,89
Matt_Damon/1,241
Matt_LeBlanc/0,65
Matt_LeBlanc/1,161
Matt_LeBlanc/2,49
Matt_LeBlanc/3,73
Nabil_Shaath/0,76
Nadia_Petrova/4,57
Nadia_Petrova/5,55
Nadine_Vinzens/0,93
Nadine_Vinzens/4,49
Nancy_Kerrigan/0,87
Nancy_Kerrigan/1,53
Nancy_Kerrigan/2,61
Nancy_Kerrigan/3,115
Nancy_Kerrigan/4,65
Nancy_Pelosi/0,113
Nancy_Pelosi/1,137
Nancy_Pelosi/2,217
Nancy_Pelosi/4,1669
Nancy_Reagan/0,81
Nancy_Reagan/1,53
Nancy_Reagan/3,270
Nancy_Reagan/4,89
Nancy_Sinatra/1,50
Nancy_Sinatra/4,73
Naomi_Campbell/1,56
Naomi_Campbell/3,109
Naomi_Watts/3,74
Narendra_Modi/0,53
Narendra_Modi/1,454
Narendra_Modi/2,97
Narendra_Modi/3,117
Narendra_Modi/4,73
Natalia_Verbeke/3,288
Natalia_Verbeke/5,334
Natalie_Cole/2,77
Natalie_Cole/5,85
Natalie_Coughlin/2,65
Natalie_Coughlin/5,65
Natalie_Imbruglia/1,77
Natalie_Imbruglia/2,73
Natalie_Maines/2,99
Natalie_Maines/5,69
Natalie_Stewart/2,137
Natalie_Stewart/3,123
Natasa_Micic/0,373
Natasa_Micic/5,145
Natasha_Henstridge/1,57
Natasha_Henstridge/3,51
Natasha_Henstridge/5,69
Natasha_Lyonne/0,346
Natasha_Lyonne/1,105
Natasha_Lyonne/4,57
Nathalie_Baye/0,153
Nathalie_Baye/2,49
Nathalie_Baye/3,209
Nathan_Lane/0,89
Nathan_Lane/1,49
Nathan_Lane/2,49
Nathan_Lane/4,81
Nawabzada_Nasrullah_Khan/0,646
Nawabzada_Nasrullah_Khan/1,137
Nestor_Gonzalez/1,305
Nestor_Kirchner/4,125
Newt_Gingrich/0,49
Newt_Gingrich/1,77
Newt_Gingrich/2,177
Newt_Gingrich/3,65
Newt_Gingrich/4,229
Nia_Vardalos/1,68
Nia_Vardalos/2,57
Nia_Vardalos/4,125
Nia_Vardalos/5,77
Nicanor_Duarte_Frutos/0,55
Nicanor_Duarte_Frutos/1,66
Nicanor_Duarte_Frutos/2,485
Nicanor_Duarte_Frutos/3,254
Nicanor_Duarte_Frutos/5,49
Nick_Nolte/0,77
Nick_Nolte/2,235
Nick_Nolte/5,65
Nick_Rimando/1,73
Nick_Rimando/2,49
Nick_Rimando/3,51
Nicolas_Cage/0,69
Nicolas_Cage/1,49
Nicolas_Cage/2,61
Nicolas_Cage/5,361
Nicolas_Eyzaguirre/0,131
Nicolas_Eyzaguirre/1,65
Nicolas_Eyzaguirre/2,1337
Nicolas_Sarkozy/0,71
Nicolas_Sarkozy/1,329
Nicolas_Sarkozy/2,85
Nicolas_Sarkozy/3,73
Nicolas_Sarkozy/5,65
Nigel_Redden/0,229
Nikki_Cascone/0,70
Nikki_Reed/3,69
Nikolay_Davydenko/3,65
Nina_Pecari/1,234
Noah_Wyle/0,65
Noah_Wyle/1,79
Noel_Niell/1,89
Noel_Niell/4,77
Nora_Ephron/1,57
Nora_Ephron/4,69
Norah_Jones/1,101
Norah_Jones/2,121
Norah_Jones/4,69
Norah_Jones/5,65
Norm_Coleman/1,49
Norm_Macdonald/0,101
Norm_Macdonald/1,833
Norm_Macdonald/2,121
Norm_Macdonald/4,349
Norm_Macdonald/5,181
Norman_Mailer/2,541
Norman_Mineta/0,65
Norman_Mineta/3,57
Norman_Mineta/5,101
Norodom_Chakrapong/2,187
Norodom_Chakrapong/5,85
Nuon_Chea/0,137
Nursultan_Nazarbayev/1,69
Nursultan_Nazarbayev/3,213
Odai_Hussein/0,81
Odai_Hussein/3,81
Odai_Hussein/5,217
Oliver_Phelps/2,57
Olivia_Newton-John/0,65
Olivia_Newton-John/1,205
Olivia_Newton-John/4,75
Olivia_Newton-John/5,138
Olympia_Dukakis/1,98
Olympia_Dukakis/4,273
Omar_Sharif/4,50
Omar_Vizquel/1,89
Oprah_Winfrey/0,61
Orlando_Bloom/0,133
Orlando_Bloom/3,105
Orlando_Bloom/4,63
Orlando_Bloom/5,49
Ornella_Muti/0,58
Ornella_Muti/2,85
Orrin_Hatch/2,218
Orrin_Hatch/5,429
Osama_bin_Laden/5,1913
Oscar_DLeon/0,49
Oscar_DLeon/2,91
Oscar_DLeon/5,56
Oscar_Elias_Biscet/0,89
Oscar_Elias_Biscet/1,129
Oscar_Elias_Biscet/5,65
Oswaldo_Paya/0,50
Otto_Reich/0,766
Otto_Reich/1,61
Otto_Reich/3,502
Otto_Reich/4,1017
Otto_Schily/3,49
Otto_Schily/4,912
Otto_Schily/5,53
Owen_Wilson/5,50
Oxana_Fedorova/2,53
Oxana_Fedorova/4,86
Padraig_Harrington/0,49
Pak_Gil_Yon/0,221
Pamela_Melroy/1,2137
Paola_Espinoza/2,75
Paola_Espinoza/4,125
Paradorn_Srichaphan/5,133
Pascal_Lamy/1,57
Pascal_Lamy/4,89
Pascal_Lamy/5,170
Pat_Burns/2,49
Pat_Riley/0,204
Pat_Riley/2,221
Pat_Riley/3,57
Pat_Riley/5,258
Pat_Summitt/3,301
Pat_Summitt/5,51
Patrice_Chereau/4,69
Patricia_Heaton/0,53
Patricia_Heaton/1,65
Patricia_Heaton/3,57
Patricia_Medina/3,49
Patricia_Phillips/3,75
Patrick_Bourrat/0,293
Patrick_Coleman/2,77
Patrick_McEnroe/4,104
Patrick_Stewart/2,403
Patti_Labelle/2,181
Patti_Labelle/3,88
Patti_Labelle/4,57
Patti_Smith/1,54
Paul_Bettany/1,51
Paul_Bettany/2,57
Paul_Bremer/0,85
Paul_Bremer/2,199
Paul_Bremer/3,56
Paul_Bremer/4,301
Paul_Bremer/5,1120
Paul_Byrd/1,54
Paul_Byrd/5,66
Paul_Celluci/0,253
Paul_Celluci/2,245
Paul_Celluci/3,59
Paul_Celluci/4,253
Paul_Celluci/5,52
Paul_Crane/1,66
Paul_Crane/4,105
Paul_Crane/5,101
Paul_Ebert/2,123
Paul_Farley/0,70
Paul_Farley/3,68
Paul_Gascoigne/4,129
Paul_Gascoigne/5,53
Paul_Greengrass/0,149
Paul_Greengrass/3,278
Paul_Henderson/1,113
Paul_Henderson/4,133
Paul_Kagame/2,80
Paul_Kagame/3,57
Paul_Krueger/0,133
Paul_Krueger/1,81
Paul_Krueger/4,109
Paul_Murphy/1,70
Paul_Murphy/4,109
Paul_Otellini/0,65
Paul_Otellini/1,57
Paul_Otellini/2,65
Paul_Otellini/3,65
Paul_Reiser/0,105
Paul_Reiser/2,141
Paul_Reiser/3,149
Paul_Reiser/4,65
Paul_Sarbanes/0,259
Paul_Sarbanes/1,77
Paul_Schrader/0,221
Paul_Schrader/2,145
Paul_Schrader/4,274
Paul_Schrader/5,209
Paul_Tracy/2,145
Paul_Walker/3,129
Paul_Wilson/0,86
Paul_Wilson/2,48
Paul_Wilson/4,125
Paul_Wilson/5,93
Paula_Dobriansky/2,117
Paula_Dobriansky/3,77
Paula_Prentiss/0,61
Paula_Prentiss/2,53
Paula_Radcliffe/2,183
Paula_Radcliffe/3,61
Paula_Zahn/0,265
Paula_Zahn/4,797
Paulie_Ayala/2,53
Pedro_Duque/1,109
Pedro_Duque/3,69
Pedro_Duque/4,465
Pedro_Malan/0,350
Pedro_Malan/5,231
Pedro_Solbes/0,261
Pedro_Solbes/1,595
Pedro_Solbes/2,49
Pedro_Solbes/3,128
Penelope_Ann_Miller/0,115
Penelope_Ann_Miller/2,56
Penelope_Ann_Miller/5,873
Penelope_Cruz/2,85
Penelope_Cruz/4,165
Pervez_Musharraf/1,100
Pervez_Musharraf/4,85
Pete_Carroll/1,197
Pete_Carroll/3,57
Peter_Arnett/0,373
Peter_Arnett/1,133
Peter_Caruana/1,125
Peter_Caruana/2,57
Peter_Fitzgerald/0,738
Peter_Gabriel/2,55
Peter_Gabriel/5,113
Peter_Gilmour/2,173
Peter_Goldmark/1,1913
Peter_Goldmark/3,61
Peter_Goldmark/4,974
Peter_Goldmark/5,253
Peter_Greenaway/0,53
Peter_Hartz/2,53
Peter_Hillary/0,61
Peter_Mackay/0,210
Peter_Mackay/4,49
Peter_Max/3,64
Peter_Medgyessy/1,62
Peter_Medgyessy/2,89
Peter_Medgyessy/3,56
Peter_Medgyessy/4,97
Peter_Medgyessy/5,55
Peter_OToole/0,85
Peter_OToole/1,61
Peter_OToole/3,69
Peter_Struck/2,101
Peter_Struck/5,65
Phan_Van_Khai/0,122
Phan_Van_Khai/2,91
Phan_Van_Khai/5,301
Phil_Bredesen/1,93
Phil_Bredesen/4,257
Phil_Donahue/0,77
Phil_Donahue/2,66
Phil_Donahue/3,70
Phil_Donahue/5,99
Phil_Gramm/1,66
Phil_Gramm/2,69
Phil_Gramm/3,73
Phil_Gramm/4,61
Phil_Gramm/5,77
Phil_McGraw/0,57
Phil_McGraw/1,92
Philip_Murtaugh/2,210
Philippe_Gagnon/0,86
Philippe_Gagnon/1,49
Philippe_Gagnon/2,69
Philippe_Gagnon/3,65
Philippe_Noiret/1,61
Philippe_Noiret/3,53
Philippe_Noiret/5,54
Phillipe_Comtois/2,68
Picabo_Street/0,277
Picabo_Street/1,77
Picabo_Street/2,101
Picabo_Street/4,669
Pier_Ferdinando_Casini/1,106
Pier_Ferdinando_Casini/2,57
Pierre_Gagnon/2,88
Pierre_Pettigrew/0,53
Pierre_Pettigrew/1,249
Pierre_Png/1,50
Pierre_Png/5,51
Pilar_Montenegro/0,49
Pilar_Montenegro/1,49
Pilar_Montenegro/2,49
Pilar_Montenegro/5,49
Piotr_Anderszewski/2,133
Piotr_Anderszewski/3,62
Piotr_Anderszewski/5,157
Placido_Domingo/2,61
Porter_Goss/1,57
Portia_de_Rossi/2,69
Prince_Charles/0,63
Prince_Charles/4,85
Prince_Felipe/3,78
Prince_Felipe/4,49
Prince_Harry/1,81
Prince_Harry/2,209
Prince_Harry/4,69
Princess_Anne/0,385
Princess_Anne/4,85
Princess_Diana/3,117
Princess_Stephanie/0,51
Princess_Stephanie/2,197
Princess_Stephanie/4,133
Princess_Stephanie/5,99
Priscilla_Presley/3,183
Priscilla_Presley/5,161
Pupi_Avati/0,365
Pupi_Avati/3,69
Pupi_Avati/5,65
Queen_Noor/1,77
Queen_Noor/3,116
Queen_Noor/5,136
Queen_Rania/1,337
Queen_Rania/3,117
Queen_Rania/5,84
Queen_Silvia/0,133
Rachel_Corrie/0,269
Rachel_Corrie/3,238
Rachel_Hunter/3,61
Rachel_Hunter/4,93
Rachel_Hunter/5,86
Rachel_Leigh_Cook/3,81
Rafidah_Aziz/3,82
Rafidah_Aziz/4,53
Raghad_Saddam_Hussein/1,90
Raja_Zafar-ul-Haq/0,160
Raja_Zafar-ul-Haq/1,369
Raja_Zafar-ul-Haq/2,103
Raja_Zafar-ul-Haq/3,121
Ralph_Fiennes/0,69
Ralph_Friedgen/1,165
Ralph_Friedgen/3,59
Ralph_Klein/0,51
Ralph_Klein/1,59
Ralph_Klein/3,59
Ralph_Nader/0,473
Ralph_Nader/1,124
Rand_Beers/2,750
Rand_Beers/5,98
Randall_Terry/0,237
Randall_Terry/1,160
Randy_Ferbey/0,71
Randy_Ferbey/1,69
Randy_Johnson/1,77
Raoul_Ruiz/5,122
Ray_Lewis/1,141
Ray_Wasden/0,305
Ray_Wasden/1,352
Raza_Rabbani/2,91
Raza_Rabbani/3,113
Raza_Rabbani/5,82
Recep_Tayyip_Erdogan/0,114
Recep_Tayyip_Erdogan/2,65
Recep_Tayyip_Erdogan/4,87
Reese_Witherspoon/0,57
Reese_Witherspoon/1,97
Reese_Witherspoon/4,173
Reggie_Miller/2,87
Reggie_Miller/4,81
Renato_Soru/2,49
Renato_Soru/4,137
Renato_Soru/5,97
Ricardo_Sanchez/2,89
Ricardo_Sanchez/3,105
Ricardo_Sanchez/4,105
Richard_Branson/0,63
Richard_Branson/1,155
Richard_Branson/5,180
Richard_Cohen/0,60
Richard_Cohen/2,687
Richard_Cohen/4,161
Richard_Daley/0,85
Richard_Daley/2,81
Richard_Haass/0,905
Richard_Haass/1,161
Richard_Haass/4,65
Richard_Harris/1,161
Richard_Lugar/0,65
Richard_Lugar/1,53
Richard_Lugar/2,229
Richard_Lugar/4,105
Richard_Lugar/5,302
Richard_Paul_Evans/0,82
Richard_Paul_Evans/2,97
Richard_Paul_Evans/4,873
Richard_Paul_Evans/5,98
Richard_Rodriguez/0,235
Richard_Rodriguez/1,117
Richard_Rodriguez/2,97
Richard_Rodriguez/3,129
Richard_Rodriguez/5,337
Richard_Shelby/0,197
Richard_Shelby/1,206
Richard_Shelby/2,344
Richard_Shelby/3,598
Richard_Shelby/4,485
Rick_Caruso/0,145
Rick_Perry/3,409
Rick_Romley/0,57
Rick_Romley/4,120
Ridley_Scott/1,89
Ridley_Scott/2,69
Ridley_Scott/3,181
Rita_Wilson/0,132
Rita_Wilson/2,89
Rob_Marshall/2,330
Rob_Morrow/3,81
Robbie_Coltrane/0,261
Robbie_Coltrane/1,173
Robbie_Coltrane/2,197
Robbie_Coltrane/3,89
Robbie_Coltrane/5,117
Robbie_Williams/1,165
Robbie_Williams/3,69
Robert_Altman/1,110
Robert_Altman/2,53
Robert_Altman/5,442
Robert_McKee/1,93
Robert_McKee/2,67
Robert_McKee/3,57
Robert_Nardelli/0,145
Robert_Nardelli/1,126
Robert_Nardelli/2,49
Robert_Nardelli/3,49
Robert_Nardelli/4,117
Robert_Nardelli/5,76
Robert_Schuller/2,521
Robert_Schuller/3,65
Robert_Wagner/3,121
Robert_Wiener/1,189
Robert_Woody_Johnson/0,49
Robert_Woody_Johnson/1,389
Roberta_Combs/0,852
Roberto_Benigni/0,72
Roberto_Benigni/1,87
Roberto_Benigni/5,117
Robin_McLaurin_Williams/0,153
Robin_McLaurin_Williams/2,302
Robin_McLaurin_Williams/3,63
Robin_McLaurin_Williams/5,141
Robin_Wagner/1,81
Rocco_Buttiglione/0,833
Rocco_Buttiglione/1,2077
Rocco_Buttiglione/3,291
Rocco_Buttiglione/4,88
Rocco_Buttiglione/5,52
Rodrigo_Borja/0,73
Rodrigo_Borja/4,109
Rodrigo_Borja/5,60
Rodrigo_de_la_Cerna/3,93
Rodrigo_de_la_Cerna/4,85
Roger_Mahony/1,405
Roger_Mahony/5,63
Roger_Suarez/4,85
Romain_Duris/0,121
Romain_Duris/2,441
Roman_Coppola/4,61
Saddam_Hussein/0,65
Saddam_Hussein/1,169
Saddam_Hussein/5,221
Sadie_Frost/1,201
Sadie_Frost/2,57
Sadie_Frost/5,205
Saied_Hadi_al_Mudarissi/0,157
Saied_Hadi_al_Mudarissi/1,69
Saied_Hadi_al_Mudarissi/2,142
Saied_Hadi_al_Mudarissi/3,97
Saied_Hadi_al_Mudarissi/4,117
Sally_Field/0,66
Sally_Field/5,56
Sally_Kirkland/2,73
Sally_Ride/0,59
Sally_Ride/4,73
Sally_Ride/5,66
Salma_Hayek/0,53
Salma_Hayek/1,71
Salma_Hayek/5,176
Salman_Rushdie/1,101
Salman_Rushdie/3,125
Sam_Mendes/5,253
Sam_Torrance/1,83
Sam_Torrance/3,88
Samira_Makhmalbaf/2,83
Sananda_Maitreya/1,48
Sananda_Maitreya/3,57
Sananda_Maitreya/5,73
Sandra_Day_OConner/0,235
Sandra_Milo/0,737
Sandra_Milo/2,189
Sanjay_Gupta/1,80
Sanjay_Gupta/2,209
Sanjay_Gupta/4,74
Saparmurat_Niyazov/2,49
Saparmurat_Niyazov/5,54
Sara_Silverman/1,105
Sara_Silverman/2,81
Sara_Silverman/4,133
Sara_Silverman/5,241
Sarah_Jessica_Parker/5,209
Sarah_Michelle_Gellar/4,93
Sarah_Wynter/0,69
Sarah_Wynter/4,73
Sarah_Wynter/5,61
Sasha_Cohen/2,53
Sasha_Cohen/4,61
Sasha_Cohen/5,85
T_Boone_Pickens/1,91
T_Boone_Pickens/2,103
T_Boone_Pickens/3,311
T_Boone_Pickens/5,205
Tabare_Vazquez/0,106
Tabare_Vazquez/1,69
Tabare_Vazquez/2,129
Takashi_Sorimachi/0,49
Takashi_Yamamoto/1,61
Takeo_Fukui/0,268
Takeo_Fukui/1,57
Takeo_Hiranuma/0,93
Takeo_Hiranuma/1,61
Takeo_Hiranuma/3,297
Takeshi_Kitano/5,65
Talisa_Soto/1,50
Talisa_Soto/3,70
Talisa_Soto/4,69
Tamika_Catchings/4,221
Tanya_Holyk/2,48
Tara_VanDerveer/0,77
Tara_VanDerveer/1,419
Tara_VanDerveer/3,137
Tara_VanDerveer/4,110
Tara_VanDerveer/5,790
Tavis_Smiley/0,114
Tavis_Smiley/2,55
Tavis_Smiley/3,141
Tavis_Smiley/4,61
Tavis_Smiley/5,69
Taylor_Twellman/4,173
Taylor_Twellman/5,515
Ted_Maher/3,129
Ted_Maher/5,157
Ted_Nolan/2,61
Ted_Nolan/3,77
Ted_Nolan/4,72
Ted_Turner/2,173
Ted_Turner/3,67
Ted_Turner/5,181
Ted_Williams/2,129
Teresa_Heinz_Kerry/0,133
Teresa_Heinz_Kerry/1,130
Teresa_Heinz_Kerry/2,62
Teresa_Heinz_Kerry/4,49
Teri_Garr/0,61
Teri_Garr/4,117
Terje_Roed-Larsen/0,89
Terje_Roed-Larsen/2,93
Terje_Roed-Larsen/3,147
Terry_Bradshaw/1,149
Terry_Bradshaw/2,57
Terry_Hoeppner/3,1309
Terry_McAuliffe/2,51
Terry_McAuliffe/4,125
Terry_Semel/2,63
Thaksin_Shinawatra/0,201
Thaksin_Shinawatra/1,189
Thaksin_Shinawatra/3,249
Thalia/3,68
Theodore_Tweed_Roosevelt/0,191
Theodore_Tweed_Roosevelt/1,157
Theresa_Gattung/1,245
Theresa_May/3,977
Theresa_May/4,69
Thomas_Birmingham/0,558
Thomas_Ferguson/0,346
Thomas_Ferguson/1,53
Thomas_Ferguson/2,72
Thomas_Ferguson/5,117
Thomas_Mesereau_Jr/0,169
Thor_Pedersen/2,82
Tia_Mowry/2,239
Tiago_Splitter/0,93
Tian_Liang/1,57
Tian_Liang/2,61
Tian_Zhuang_Zhuang/1,81
Tian_Zhuang_Zhuang/2,57
Tim_Allen/1,73
Tim_Allen/3,101
Tim_Blake_Nelson/4,547
Tim_Curley/1,330
Tim_Curry/2,130
Tim_Howard/0,49
Tim_Howard/1,217
Tim_Howard/3,55
Tim_Pawlenty/0,209
Tim_Pawlenty/3,61
Tim_Pawlenty/4,85
Tim_Pawlenty/5,269
Tim_Robbins/1,53
Tim_Robbins/2,162
Tim_Salmon/0,93
Tim_Welsh/4,108
Timothy_Goebel/0,153
Timothy_Goebel/3,371
Timothy_Goebel/4,85
Timothy_Goebel/5,129
Timothy_Wirth/3,58
Timothy_Wirth/4,77
Tina_Brown/2,201
Tina_Brown/4,94
Tina_Brown/5,85
Tino_Martinez/0,117
Tino_Martinez/1,313
Tirunesh_Dibaba/2,73
Tirunesh_Dibaba/5,57
Tocker_Pudwill/2,121
Todd_Parrott/1,505
Todd_Parrott/2,361
Todd_Parrott/3,657
Todd_Parrott/5,185
Todd_Robbins/0,121
Todd_Robbins/2,85
Todd_Robbins/3,53
Todd_Robbins/4,118
Tom_Coughlin/2,77
Tom_Coughlin/3,107
Tom_Coughlin/5,49
Tom_DeLay/2,65
Tom_DeLay/5,117
Tom_Gamboa/0,169
Tom_Hanks/3,153
Tom_Hanks/4,81
Tom_Hanks/5,185
Tom_Hanusik/0,221
Tom_Izzo/4,97
Tom_Izzo/5,121
Tom_Lantos/0,113
Tom_McClintock/0,95
Tom_OBrien/5,53
Tom_Ridge/2,79
Tom_Ridge/3,74
Tom_Ridge/5,97
Tom_Sizemore/0,114
Tom_Sizemore/1,61
Tom_Sizemore/2,53
Tom_Smothers/0,71
Tom_Smothers/2,49
Tom_Smothers/5,49
Tom_Vilsack/0,53
Tom_Vilsack/3,256
Tom_Vilsack/4,155
Tom_Vilsack/5,53
Tomas_Enge/5,97
Tommy_Amaker/1,61
Tommy_Amaker/5,125
Uday_Hussein/0,81
Uday_Hussein/5,221
Uma_Thurman/3,49
Uma_Thurman/5,89
Vaclav_Klaus/1,357
Vadim_Devyatovskiy/2,153
Valentina_Cervi/3,161
Valentina_Cervi/5,120
Valeri_Bure/2,61
Valerie_Harper/0,73
Valerie_Harper/2,153
Valerie_Harper/3,82
Valerie_Harper/4,55
Valerie_Harper/5,73
Valery_Giscard_dEstaing/4,345
Valery_Giscard_dEstaing/5,130
Vanessa_Incontrada/1,67
Vanessa_Redgrave/0,85
Vanessa_Redgrave/5,57
Vanessa_Williams/2,81
Vanessa_Williams/5,53
Viara_Vike-Freiberga/0,433
Viara_Vike-Freiberga/2,337
Vicki_Zhao_Wei/0,156
Vicki_Zhao_Wei/1,85
Victor_Garber/0,57
Victor_Garber/4,71
Victoria_Beckham/3,49
Vin_Diesel/5,59
Vince_Dooley/0,101
Vince_Gill/0,169
Vincent_Gallo/0,389
Vincent_Gallo/1,105
Vincent_Sombrotto/0,282
Vinnie_Jones/4,74
Viola_Davis/2,115
Vivica_Fox/1,125
Vivica_Fox/2,491
Vivica_Fox/4,65
Vivica_Fox/5,77
Vladimir_Spidla/0,1656
Vladimir_Spidla/5,269
Vojislav_Kostunica/1,53
Vojislav_Kostunica/4,112
Walter_Mondale/2,91
Walter_Mondale/5,77
Warren_Beatty/1,81
Warren_Beatty/3,53
Warren_Beatty/5,96
Warren_Buffett/0,209
Warren_Buffett/2,81
Warren_Buffett/3,85
Warren_Buffett/4,653
Warren_Buffett/5,143
Wayne_Allard/0,133
Wayne_Allard/1,57
Wayne_Allard/2,105
Wayne_Allard/5,119
Wayne_Brady/0,65
Wayne_Newton/1,60
Wayne_Newton/2,65
Wayne_Newton/3,117
Wayne_Newton/4,233
Wen_Jiabao/1,74
Wen_Jiabao/3,69
Wes_Craven/0,346
Wes_Craven/2,2149
Wes_Craven/3,69
Wes_Craven/5,133
Wesley_Clark/0,67
Wesley_Clark/2,193
Wesley_Clark/3,57
Wesley_Clark/4,53
Whoopi_Goldberg/0,69
Whoopi_Goldberg/1,60
Whoopi_Goldberg/4,49
Whoopi_Goldberg/5,49
Will_Ferrell/3,89
Will_Ferrell/4,217
William_Bratton/0,189
William_Delahunt/0,321
William_Delahunt/1,50
William_Delahunt/2,362
William_Delahunt/4,86
William_Donaldson/0,121
William_Donaldson/1,185
William_Donaldson/5,345
William_Ford_Jr/0,65
William_Ford_Jr/3,142
William_Joppy/1,49
William_Macy/3,54
William_Macy/5,108
William_McDonough/0,201
William_McDonough/2,76
William_McDonough/3,56
William_McDonough/4,268
William_Morrow/0,69
William_Overlin/0,189
William_Overlin/2,70
William_Rehnquist/0,269
William_Shatner/0,179
William_Shatner/4,113
Wilma_McNabb/0,49
Win_Aung/3,81
Wolfgang_Clement/2,49
Wolfgang_Clement/3,425
Wolfgang_Schneiderhan/2,73
Wolfgang_Schneiderhan/3,1361
Wolfgang_Schuessel/2,96
Wolfgang_Schuessel/5,67
Wu_Peng/1,241
Xanana_Gusmao/1,97
Xanana_Gusmao/5,721
Ximena_Bohorquez/0,77
Ximena_Bohorquez/1,55
Ximena_Bohorquez/4,89
Yashwant_Sinha/5,104
Yasser_Arafat/0,49
Yasser_Arafat/4,80
Yogi_Berra/1,129
Yolanda_King/1,113
Yolanda_King/4,49
Yolanda_King/5,55
Yoriko_Kawaguchi/1,167
Yossi_Beilin/2,145
Yossi_Beilin/3,409
Yukio_Hatoyama/3,1517
Yuri_Fedotov/2,69
Yuri_Fedotov/3,69
Yuri_Fedotov/4,49
Yuri_Fedotov/5,49
Yuvraj_Singh/0,79
Zalmay_Khalilzad/5,53
Zavad_Zarif/1,601
Zeng_Qinghong/0,117
Zhang_Yimou/0,246
Zhang_Ziyi/1,77
Zhang_Ziyi/2,106
Zhang_Ziyi/4,85
Zhong_Nanshan/0,621
Zhong_Nanshan/1,61
Zhong_Nanshan/5,109
Zhu_Rongji/0,242
Zhu_Rongji/1,52
Zulfiqar_Ahmed/1,61
Zulfiqar_Ahmed/2,57
Zulfiqar_Ahmed/4,113
Zydrunas_Ilgauskas/1,233
